settlement_id,payment_id,order_id,type,gross_amount,fee,gst_on_fee,net_amount,settled_at,utr,status
stl_00001,pay_00001,ord_00001,payment,1499.00,29.98,5.40,1463.62,2025-06-03T14:00:00+05:30,RZPX82287061,processed
stl_00001,pay_00002,ord_00002,payment,6018.58,120.37,21.67,5876.54,2025-06-03T14:00:00+05:30,RZPX82287061,processed
stl_00001,pay_00003,ord_00003,payment,4999.00,99.98,18.00,4881.02,2025-06-03T14:00:00+05:30,RZPX82287061,processed
stl_00001,pay_00004,ord_00004,payment,1299.00,25.98,4.68,1268.34,2025-06-03T14:00:00+05:30,RZPX82287061,processed
stl_00001,pay_00005,ord_00005,payment,1974.14,39.48,7.11,1927.55,2025-06-03T14:00:00+05:30,RZPX82287061,processed
stl_00002,pay_00006,ord_00006,payment,2499.00,49.98,9.00,2440.02,2025-06-04T14:00:00+05:30,RZPX82937948,processed
stl_00002,pay_00007,ord_00007,payment,5922.75,118.46,21.32,5782.97,2025-06-04T14:00:00+05:30,RZPX82937948,processed
stl_00003,pay_00008,ord_00009,payment,1299.00,25.98,4.68,1268.34,2025-06-05T14:00:00+05:30,RZPX35320492,processed
stl_00003,pay_00009,ord_00010,payment,3499.00,69.98,12.60,3416.42,2025-06-05T14:00:00+05:30,RZPX35320492,processed
stl_00004,pay_00010,ord_00011,payment,799.00,15.98,2.88,780.14,2025-06-06T14:00:00+05:30,RZPX61401477,processed
stl_00004,pay_00011,ord_00012,payment,2499.00,49.98,9.00,2440.02,2025-06-06T14:00:00+05:30,RZPX61401477,processed
stl_00004,pay_00012,ord_00013,payment,2701.74,54.03,9.73,2637.98,2025-06-06T14:00:00+05:30,RZPX61401477,processed
stl_00005,pay_00013,ord_00014,payment,6247.31,124.95,22.49,6099.87,2025-06-09T14:00:00+05:30,RZPX15858241,processed
stl_00005,pay_00014,ord_00015,payment,3499.00,69.98,12.60,3416.42,2025-06-09T14:00:00+05:30,RZPX15858241,processed
stl_00005,pay_00015,ord_00016,payment,7999.00,159.98,28.80,7810.22,2025-06-09T14:00:00+05:30,RZPX15858241,processed
stl_00006,pay_00016,ord_00017,payment,499.00,9.98,1.80,487.22,2025-06-10T14:00:00+05:30,RZPX61167978,processed
stl_00006,pay_00017,ord_00018,payment,799.00,15.98,2.88,780.14,2025-06-10T14:00:00+05:30,RZPX61167978,processed
stl_00006,pay_00018,ord_00019,payment,420.38,8.41,1.51,410.46,2025-06-10T14:00:00+05:30,RZPX61167978,processed
stl_00006,pay_00019,ord_00020,payment,8359.34,167.19,30.09,8162.06,2025-06-10T14:00:00+05:30,RZPX61167978,processed
stl_00007,pay_00020,ord_00022,payment,3429.42,68.59,12.35,3348.48,2025-06-10T14:00:00+05:30,RZPX97512508,processed
stl_00007,pay_00021,ord_00023,payment,999.00,19.98,3.60,975.42,2025-06-10T14:00:00+05:30,RZPX97512508,processed
stl_00007,pay_00022,ord_00024,payment,499.00,9.98,1.80,487.22,2025-06-10T14:00:00+05:30,RZPX97512508,processed
stl_00008,pay_00023,ord_00026,payment,5885.82,117.72,21.19,5746.91,2025-06-10T14:00:00+05:30,RZPX14968688,processed
stl_00008,pay_00024,ord_00027,payment,4999.00,99.98,18.00,4881.02,2025-06-10T14:00:00+05:30,RZPX14968688,processed
stl_00009,pay_00025,ord_00028,payment,1499.00,29.98,5.40,1463.62,2025-06-11T14:00:00+05:30,RZPX54559574,processed
stl_00009,pay_00026,ord_00029,payment,1299.00,25.98,4.68,1268.34,2025-06-11T14:00:00+05:30,RZPX54559574,processed
stl_00009,pay_00027,ord_00030,payment,1299.00,25.98,4.68,1268.34,2025-06-11T14:00:00+05:30,RZPX54559574,processed
stl_00009,pay_00028,ord_00031,payment,1042.99,20.86,3.75,1018.38,2025-06-11T14:00:00+05:30,RZPX54559574,processed
stl_00009,pay_00029,ord_00032,payment,7999.00,159.98,28.80,7810.22,2025-06-11T14:00:00+05:30,RZPX54559574,processed
stl_00010,pay_00030,ord_00033,payment,799.00,15.98,2.88,780.14,2025-06-12T14:00:00+05:30,RZPX69096899,processed
stl_00010,pay_00031,ord_00034,payment,868.02,17.36,3.12,847.54,2025-06-12T14:00:00+05:30,RZPX69096899,processed
stl_00010,pay_00032,ord_00035,payment,799.00,15.98,2.88,780.14,2025-06-12T14:00:00+05:30,RZPX69096899,processed
stl_00010,pay_00033,ord_00036,payment,1499.00,29.98,5.40,1463.62,2025-06-12T14:00:00+05:30,RZPX69096899,processed
stl_00010,pay_00034,ord_00037,payment,4999.00,99.98,18.00,4881.02,2025-06-12T14:00:00+05:30,RZPX69096899,processed
stl_00010,pay_00035,ord_00038,payment,3499.00,69.98,12.60,3416.42,2025-06-12T14:00:00+05:30,RZPX69096899,processed
stl_00010,pay_00036,ord_00039,payment,2499.00,49.98,9.00,2440.02,2025-06-12T14:00:00+05:30,RZPX69096899,processed
stl_00010,pay_00037,ord_00040,payment,8514.14,170.28,30.65,8313.21,2025-06-12T14:00:00+05:30,RZPX69096899,processed
stl_00010,pay_00038,ord_00041,payment,499.00,9.98,1.80,487.22,2025-06-12T14:00:00+05:30,RZPX69096899,processed
stl_00010,pay_00039,ord_00042,payment,3499.00,69.98,12.60,3416.42,2025-06-12T14:00:00+05:30,RZPX69096899,processed
stl_00010,pay_00040,ord_00043,payment,999.00,19.98,3.60,975.42,2025-06-12T14:00:00+05:30,RZPX69096899,processed
stl_00010,pay_00041,ord_00044,payment,7999.00,159.98,28.80,7810.22,2025-06-12T14:00:00+05:30,RZPX69096899,processed
stl_00010,pay_00042,ord_00045,payment,7999.00,159.98,28.80,7810.22,2025-06-12T14:00:00+05:30,RZPX69096899,processed
stl_00010,pay_00043,ord_00046,payment,1499.00,29.98,5.40,1463.62,2025-06-12T14:00:00+05:30,RZPX69096899,processed
stl_00010,pay_00044,ord_00047,payment,397.67,7.95,1.43,388.29,2025-06-12T14:00:00+05:30,RZPX69096899,processed
stl_00010,pay_00045,ord_00048,payment,999.00,19.98,3.60,975.42,2025-06-12T14:00:00+05:30,RZPX69096899,processed
stl_00010,pay_00046,ord_00049,payment,3499.00,69.98,12.60,3416.42,2025-06-12T14:00:00+05:30,RZPX69096899,processed
stl_00010,pay_00047,ord_00050,payment,4999.00,99.98,18.00,4881.02,2025-06-12T14:00:00+05:30,RZPX69096899,processed
stl_00010,pay_00048,ord_00051,payment,799.00,15.98,2.88,780.14,2025-06-12T14:00:00+05:30,RZPX69096899,processed
stl_00010,pay_00049,ord_00052,payment,1999.00,39.98,7.20,1951.82,2025-06-12T14:00:00+05:30,RZPX69096899,processed
stl_00010,pay_00050,ord_00053,payment,832.66,16.65,3.00,813.01,2025-06-12T14:00:00+05:30,RZPX69096899,processed
stl_00010,pay_00051,ord_00054,payment,999.00,19.98,3.60,975.42,2025-06-12T14:00:00+05:30,RZPX69096899,processed
stl_00010,pay_00052,ord_00055,payment,2499.00,49.98,9.00,2440.02,2025-06-12T14:00:00+05:30,RZPX69096899,processed
stl_00010,pay_00053,ord_00056,payment,6020.92,120.42,21.68,5878.82,2025-06-12T14:00:00+05:30,RZPX69096899,processed
stl_00010,pay_00054,ord_00057,payment,499.00,9.98,1.80,487.22,2025-06-12T14:00:00+05:30,RZPX69096899,processed
stl_00010,pay_00055,ord_00058,payment,799.00,15.98,2.88,780.14,2025-06-12T14:00:00+05:30,RZPX69096899,processed
stl_00010,pay_00056,ord_00059,payment,2782.37,55.65,10.02,2716.70,2025-06-12T14:00:00+05:30,RZPX69096899,processed
stl_00010,pay_00057,ord_00060,payment,1999.00,39.98,7.20,1951.82,2025-06-12T14:00:00+05:30,RZPX69096899,processed
stl_00010,pay_00058,ord_00061,payment,3097.66,61.95,11.15,3024.56,2025-06-12T14:00:00+05:30,RZPX69096899,processed
stl_00010,pay_00059,ord_00062,payment,2632.38,52.65,9.48,2570.25,2025-06-12T14:00:00+05:30,RZPX69096899,processed
stl_00010,pay_00060,ord_00063,payment,1299.00,25.98,4.68,1268.34,2025-06-12T14:00:00+05:30,RZPX69096899,processed
stl_00010,pay_00061,ord_00064,payment,4999.00,99.98,18.00,4881.02,2025-06-12T14:00:00+05:30,RZPX69096899,processed
stl_00010,pay_00062,ord_00065,payment,1499.00,29.98,5.40,1463.62,2025-06-12T14:00:00+05:30,RZPX69096899,processed
stl_00010,pay_00063,ord_00066,payment,4999.00,99.98,18.00,4881.02,2025-06-12T14:00:00+05:30,RZPX69096899,processed
stl_00010,pay_00064,ord_00067,payment,4999.00,99.98,18.00,4881.02,2025-06-12T14:00:00+05:30,RZPX69096899,processed
stl_00010,pay_00065,ord_00068,payment,3762.39,75.25,13.55,3673.59,2025-06-12T14:00:00+05:30,RZPX69096899,processed
stl_00010,pay_00066,ord_00069,payment,2499.00,49.98,9.00,2440.02,2025-06-12T14:00:00+05:30,RZPX69096899,processed
stl_00010,pay_00067,ord_00070,payment,2499.00,49.98,9.00,2440.02,2025-06-12T14:00:00+05:30,RZPX69096899,processed
stl_00010,pay_00068,ord_00071,payment,499.00,9.98,1.80,487.22,2025-06-12T14:00:00+05:30,RZPX69096899,processed
stl_00010,pay_00069,ord_00072,payment,1999.00,39.98,7.20,1951.82,2025-06-12T14:00:00+05:30,RZPX69096899,processed
stl_00011,pay_00070,ord_00073,payment,8646.92,172.94,31.13,8442.85,2025-06-13T14:00:00+05:30,RZPX12059919,processed
stl_00011,pay_00071,ord_00074,payment,1999.00,39.98,7.20,1951.82,2025-06-13T14:00:00+05:30,RZPX12059919,processed
stl_00011,pay_00072,ord_00075,payment,1845.11,36.90,6.64,1801.57,2025-06-13T14:00:00+05:30,RZPX12059919,processed
stl_00032,cb_0001,ord_00073,chargeback,-8646.92,0.00,0.00,-8646.92,2025-06-16T14:00:00+05:30,RZPX63124147,processed
stl_00012,pay_00073,ord_00077,payment,999.00,19.98,3.60,975.42,2025-06-17T14:00:00+05:30,RZPX97883261,processed
stl_00012,pay_00074,ord_00078,payment,8462.32,169.25,30.47,8262.60,2025-06-17T14:00:00+05:30,RZPX97883261,processed
stl_00012,pay_00075,ord_00079,payment,4999.00,99.98,18.00,4881.02,2025-06-17T14:00:00+05:30,RZPX97883261,processed
stl_00012,pay_00076,ord_00080,payment,4999.00,99.98,18.00,4881.02,2025-06-17T14:00:00+05:30,RZPX97883261,processed
stl_00013,pay_00077,ord_00081,payment,4999.00,99.98,18.00,4881.02,2025-06-18T14:00:00+05:30,RZPX45570755,processed
stl_00013,pay_00078,ord_00082,payment,1299.00,25.98,4.68,1268.34,2025-06-18T14:00:00+05:30,RZPX45570755,processed
stl_00013,pay_00079,ord_00083,payment,1299.00,25.98,4.68,1268.34,2025-06-18T14:00:00+05:30,RZPX45570755,processed
stl_00014,pay_00080,ord_00085,payment,1299.00,25.98,4.68,1268.34,2025-06-18T14:00:00+05:30,RZPX97219599,processed
stl_00014,pay_00081,ord_00086,payment,1299.00,25.98,4.68,1268.34,2025-06-18T14:00:00+05:30,RZPX97219599,processed
stl_00014,pay_00082,ord_00087,payment,504.80,10.10,1.82,492.88,2025-06-18T14:00:00+05:30,RZPX97219599,processed
stl_00014,pay_00083,ord_00088,payment,2499.00,49.98,9.00,2440.02,2025-06-18T14:00:00+05:30,RZPX97219599,processed
stl_00015,pay_00084,ord_00089,payment,2612.51,52.25,9.41,2550.85,2025-06-18T14:00:00+05:30,RZPX81621574,processed
stl_00015,pay_00085,ord_00090,payment,2499.00,49.98,9.00,2440.02,,,on_hold
stl_00015,pay_00086,ord_00091,payment,2499.00,49.98,9.00,2440.02,2025-06-18T14:00:00+05:30,RZPX81621574,processed
stl_00015,pay_00087,ord_00092,payment,3499.00,69.98,12.60,3416.42,2025-06-18T14:00:00+05:30,RZPX81621574,processed
stl_00016,pay_00088,ord_00093,payment,2499.00,49.98,9.00,2440.02,2025-06-18T14:00:00+05:30,RZPX75491202,processed
stl_00016,pay_00089,ord_00094,payment,4999.00,99.98,18.00,4881.02,2025-06-18T14:00:00+05:30,RZPX75491202,processed
stl_00016,pay_00090,ord_00095,payment,7134.14,142.68,25.68,6965.78,2025-06-18T14:00:00+05:30,RZPX75491202,processed
stl_00016,pay_00091,ord_00096,payment,1299.00,25.98,4.68,1268.34,2025-06-18T14:00:00+05:30,RZPX75491202,processed
stl_00017,pay_00092,ord_00097,payment,1999.00,39.98,7.20,1951.82,2025-06-19T14:00:00+05:30,RZPX19183277,processed
stl_00017,pay_00093,ord_00098,payment,1433.49,28.67,5.16,1399.66,2025-06-19T14:00:00+05:30,RZPX19183277,processed
stl_00017,pay_00094,ord_00099,payment,1299.00,25.98,4.68,1268.34,2025-06-19T14:00:00+05:30,RZPX19183277,processed
stl_00017,pay_00095,ord_00100,payment,7999.00,159.98,28.80,7810.22,2025-06-19T14:00:00+05:30,RZPX19183277,processed
stl_00017,pay_00096,ord_00101,payment,799.00,15.98,2.88,780.14,2025-06-19T14:00:00+05:30,RZPX19183277,processed
stl_00018,pay_00097,ord_00102,payment,1999.00,39.98,7.20,1951.82,2025-06-20T14:00:00+05:30,RZPX48571356,processed
stl_00018,pay_00098,ord_00104,payment,5174.55,103.49,18.63,5052.43,2025-06-20T14:00:00+05:30,RZPX48571356,processed
stl_00018,pay_00099,ord_00105,payment,1208.72,24.17,4.35,1180.20,2025-06-20T14:00:00+05:30,RZPX48571356,processed
stl_00019,pay_00100,ord_00106,payment,2499.00,49.98,9.00,2440.02,2025-06-23T14:00:00+05:30,RZPX68246664,processed
stl_00019,pay_00101,ord_00107,payment,1999.00,39.98,7.20,1951.82,2025-06-23T14:00:00+05:30,RZPX68246664,processed
stl_00019,pay_00102,ord_00108,payment,3196.88,63.94,11.51,3121.43,2025-06-23T14:00:00+05:30,RZPX68246664,processed
stl_00019,pay_00103,ord_00109,payment,5423.11,108.46,19.52,5295.13,2025-06-23T14:00:00+05:30,RZPX68246664,processed
stl_00020,pay_00104,ord_00110,payment,1499.00,29.98,5.40,1463.62,2025-06-24T14:00:00+05:30,RZPX23489853,processed
stl_00021,pay_00105,ord_00111,payment,1499.00,29.98,5.40,1463.62,2025-06-24T14:00:00+05:30,RZPX13885234,processed
stl_00022,pay_00106,ord_00112,payment,7999.00,159.98,28.80,7810.22,2025-06-24T14:00:00+05:30,RZPX49375156,processed
stl_00022,pay_00107,ord_00113,payment,1999.00,39.98,7.20,1951.82,2025-06-24T14:00:00+05:30,RZPX49375156,processed
stl_00022,pay_00108,ord_00114,payment,1299.00,25.98,4.68,1268.34,2025-06-24T14:00:00+05:30,RZPX49375156,processed
stl_00022,pay_00109,ord_00116,payment,3406.36,68.13,12.26,3325.97,2025-06-24T14:00:00+05:30,RZPX49375156,processed
stl_00023,pay_00110,ord_00118,payment,5447.23,108.94,19.61,5318.68,2025-06-24T14:00:00+05:30,RZPX42775624,processed
stl_00023,pay_00111,ord_00119,payment,1999.00,39.98,7.20,1951.82,2025-06-24T14:00:00+05:30,RZPX42775624,processed
stl_00023,pay_00112,ord_00120,payment,799.00,15.98,2.88,780.14,2025-06-24T14:00:00+05:30,RZPX42775624,processed
stl_00024,pay_00113,ord_00122,payment,6657.70,133.15,23.97,6500.58,2025-06-25T14:00:00+05:30,RZPX34166826,processed
stl_00025,pay_00114,ord_00123,payment,3417.97,68.36,12.30,3337.31,2025-06-26T14:00:00+05:30,RZPX61344226,processed
stl_00025,pay_00115,ord_00125,payment,999.00,19.98,3.60,975.42,2025-06-26T14:00:00+05:30,RZPX61344226,processed
stl_00025,pay_00116,ord_00126,payment,7999.00,159.98,28.80,7810.22,2025-06-26T14:00:00+05:30,RZPX61344226,processed
stl_00025,rfnd_0004,ord_00034,refund,-434.01,0.00,0.00,-434.01,2025-06-26T14:00:00+05:30,RZPX61344226,processed
stl_00033,cbrev_0001,ord_00073,chargeback_reversal,8646.92,0.00,0.00,8646.92,2025-06-26T14:00:00+05:30,RZPX46840133,processed
stl_00026,pay_00117,ord_00127,payment,5060.86,101.22,18.22,4941.42,2025-06-27T14:00:00+05:30,RZPX88270025,processed
stl_00026,pay_00118,ord_00128,payment,1299.00,25.98,4.68,1268.34,2025-06-27T14:00:00+05:30,RZPX88270025,processed
stl_00026,pay_00119,ord_00129,payment,1048.78,20.98,3.78,1024.02,2025-06-27T14:00:00+05:30,RZPX88270025,processed
stl_00026,rfnd_0003,ord_00015,refund,-3499.00,0.00,0.00,-3499.00,2025-06-27T14:00:00+05:30,RZPX88270025,processed
stl_00027,pay_00120,ord_00130,payment,3499.00,69.98,12.60,3416.42,2025-06-30T14:00:00+05:30,RZPX44088261,processed
stl_00027,pay_00121,ord_00131,payment,799.00,15.98,2.88,780.14,2025-06-30T14:00:00+05:30,RZPX44088261,processed
stl_00027,pay_00122,ord_00132,payment,799.00,15.98,2.88,780.14,2025-06-30T14:00:00+05:30,RZPX44088261,processed
stl_00027,rfnd_0001,ord_00053,refund,-832.66,0.00,0.00,-832.66,2025-06-30T14:00:00+05:30,RZPX44088261,processed
stl_00028,pay_00123,ord_00133,payment,999.00,19.98,3.60,975.42,2025-07-01T14:00:00+05:30,RZPX72445234,processed
stl_00028,pay_00124,ord_00134,payment,4870.58,97.41,17.53,4755.64,2025-07-01T14:00:00+05:30,RZPX72445234,processed
stl_00028,pay_00125,ord_00135,payment,1999.00,39.98,7.20,1951.82,2025-07-01T14:00:00+05:30,RZPX72445234,processed
stl_00028,pay_00126,ord_00136,payment,2499.00,49.98,9.00,2440.02,2025-07-01T14:00:00+05:30,RZPX72445234,processed
stl_00029,pay_00127,ord_00137,payment,2499.00,49.98,9.00,2440.02,2025-07-01T14:00:00+05:30,RZPX31203129,processed
stl_00029,pay_00128,ord_00138,payment,499.00,9.98,1.80,487.22,2025-07-01T14:00:00+05:30,RZPX31203129,processed
stl_00029,pay_00129,ord_00139,payment,499.00,9.98,1.80,487.22,2025-07-01T14:00:00+05:30,RZPX31203129,processed
stl_00029,adj_0001,,adjustment,-75.00,0.00,0.00,-75.00,2025-07-01T14:00:00+05:30,RZPX31203129,processed
stl_00030,pay_00130,ord_00141,payment,4999.00,99.98,18.00,4881.02,2025-07-01T14:00:00+05:30,RZPX88862539,processed
stl_00030,pay_00131,ord_00142,payment,799.00,15.98,2.88,780.14,2025-07-01T14:00:00+05:30,RZPX88862539,processed
stl_00030,pay_00132,ord_00143,payment,1499.00,29.98,5.40,1463.62,2025-07-01T14:00:00+05:30,RZPX88862539,processed
stl_00030,pay_00133,ord_00144,payment,2499.00,49.98,9.00,2440.02,2025-07-01T14:00:00+05:30,RZPX88862539,processed
stl_00030,rfnd_0002,ord_00065,refund,-1499.00,0.00,0.00,-1499.00,2025-07-01T14:00:00+05:30,RZPX88862539,processed
stl_00031,pay_00134,ord_00145,payment,2499.00,49.98,9.00,2440.02,2025-07-02T14:00:00+05:30,RZPX43567615,processed
stl_00031,pay_00135,ord_00146,payment,1499.00,29.98,5.40,1463.62,2025-07-02T14:00:00+05:30,RZPX43567615,processed
